Ref,Val,Package,PosX,PosY,Rot,Side
"C1","4.7uF","C_0402_1005Metric",114.056236,-114.304164,90.000000,top
"C2","4.7uF","C_0402_1005Metric",126.549500,-131.312000,-90.000000,top
"C3","0.1uF","C_0402_1005Metric",114.056236,-116.219164,-90.000000,top
"C4","0.1uF","C_0402_1005Metric",126.549500,-129.280000,90.000000,top
"C5","4.7uF","C_0402_1005Metric",114.574000,-89.822000,0.000000,top
"C6","4.7uF","C_0402_1005Metric",123.635000,-76.156000,180.000000,top
"C7","0.1uF","C_0402_1005Metric",112.570000,-89.822000,180.000000,top
"C8","0.1uF","C_0402_1005Metric",125.794000,-76.156000,0.000000,top
"CBOT1","100nF","C_0402_1005Metric",171.800000,-83.450000,45.000000,top
"CBOT2","100nF","C_0402_1005Metric",190.347600,-127.203200,0.000000,top
"CD1","100nF","C_0402_1005Metric",157.861000,-99.822000,90.000000,top
"CD2","100nF","C_0402_1005Metric",172.212000,-99.342000,-90.000000,top
"CD3","100nF","C_0402_1005Metric",169.700000,-110.109000,0.000000,top
"CD4","100nF","C_0402_1005Metric",169.573000,-95.631000,0.000000,top
"CD5","100nF","C_0402_1005Metric",157.406400,-106.781600,180.000000,top
"CD6","10nF","C_0402_1005Metric",181.000400,-81.737200,90.000000,top
"CD7","2.2uF","C_0402_1005Metric",181.000400,-83.769200,90.000000,top
"CDR1","4.7uF","C_0402_1005Metric",172.339000,-96.238000,90.000000,top
"CF1","1uF","C_0402_1005Metric",158.115000,-95.024000,90.000000,top
"CF2","100nF","C_0402_1005Metric",159.207200,-95.046800,90.000000,top
"CH1","20pF","C_0402_1005Metric",166.751000,-89.916000,0.000000,top
"CH2","20pF","C_0402_1005Metric",163.449000,-89.916000,0.000000,top
"CM1","100nF","C_0402_1005Metric",142.138400,-99.212400,90.000000,top
"CM2","100nF","C_0402_1005Metric",139.065000,-101.473000,0.000000,top
"CM3","10nF","C_0402_1005Metric",144.272000,-99.212400,-90.000000,top
"CP1","100nF","C_0402_1005Metric",177.800000,-119.634000,0.000000,top
"CR1","0.22uF","C_1206_3216Metric",121.867400,-96.570800,0.000000,top
"CR2","10uF","C_1206_3216Metric",129.491000,-112.776000,0.000000,top
"CR3","10uF","C_1206_3216Metric",126.746000,-96.520000,0.000000,top
"CR4","10uF","C_1206_3216Metric",129.081000,-99.314000,0.000000,top
"CRST1","100nF","C_0402_1005Metric",190.296800,-116.332000,180.000000,top
"D1","B5819W","D_SOD-123",177.546000,-116.586000,-90.000000,top
"D2","B5819W","D_SOD-123",188.722000,-107.315000,90.000000,top
"DL2","AZUL","LED_0603_1608Metric",166.420800,-116.433600,180.000000,top
"DL7","VERDE","LED_0603_1608Metric",132.334000,-102.235000,180.000000,top
"FB1","100Ohm 100MHz","L_0805_2012Metric",125.100000,-87.400000,180.000000,top
"FB2","100Ohm 100MHz","L_0805_2012Metric",183.134000,-116.586000,90.000000,top
"J1","SWD","PinHeader_1x04_P2.54mm_Vertical",179.120800,-129.794000,0.000000,top
"J2","USB_B_Micro","MICRO-USB-SMD_5P-P0.65-H-F_MICRO5.9MMUSB",191.516000,-101.600000,90.000000,top
"J3","UARTBTH","PinSocket_1x06_P2.54mm_Vertical",120.929000,-119.101000,90.000000,top
"J4","Bater√≠a","AMASS_XT60-M",133.477000,-86.149500,90.000000,top
"J5","VL6180x ","PinSocket_1x07_P2.54mm_Vertical",100.279200,-110.566200,180.000000,top
"J6","MotorEncodL","JST_SH_BM06B-SRSS-TB_1x06-1MP_P1.00mm_Vertical",185.953400,-90.449400,0.000000,top
"J7","MotorEncodR","JST_SH_BM06B-SRSS-TB_1x06-1MP_P1.00mm_Vertical",185.953400,-72.212200,0.000000,top
"LF1","27nH","L_0402_1005Metric",157.353000,-96.647000,0.000000,top
"MotorHolderL","Pololu","MotorHolder",160.154000,-85.771000,180.000000,top
"MotorHolderR","Pololu","MotorHolder",145.154000,-119.461000,0.000000,top
"Q1","BS170","TO-92-3",111.770236,-116.733164,180.000000,top
"Q2","BS170","TO-92-3",124.136500,-131.953000,180.000000,top
"Q3","BS170","TO-92-3",112.052000,-87.536000,90.000000,top
"Q4","BS170","TO-92-3",123.000000,-73.870000,90.000000,top
"R1","220","R_0603_1608Metric",165.633400,-113.944400,-90.000000,top
"R4","220","R_0603_1608Metric",129.032000,-102.235000,0.000000,top
"R5","100","R_0402_1005Metric",109.585836,-113.939164,-90.000000,top
"R6","100","R_0402_1005Metric",121.596500,-129.024000,-90.000000,top
"R7","47K","R_0402_1005Metric",110.906636,-113.939164,-90.000000,top
"R8","47K","R_0402_1005Metric",122.866500,-129.026000,-90.000000,top
"R9","51","R_0402_1005Metric",111.350000,-123.550000,-45.000000,top
"R10","51","R_0402_1005Metric",116.400000,-134.850000,0.000000,top
"R11","1.8K","R_0402_1005Metric",114.056236,-118.249164,-90.000000,top
"R12","1.8K","R_0402_1005Metric",126.549500,-133.471000,-90.000000,top
"R13","100","R_0402_1005Metric",114.850000,-85.250000,180.000000,top
"R14","100","R_0402_1005Metric",125.794000,-72.600000,180.000000,top
"R15","47K","R_0402_1005Metric",114.852000,-86.393000,180.000000,top
"R16","47K","R_0402_1005Metric",125.794000,-73.870000,180.000000,top
"R17","51","R_0402_1005Metric",112.900000,-79.800000,-135.000000,top
"R18","51","R_0402_1005Metric",118.700000,-70.450000,180.000000,top
"R19","1.8K","R_0402_1005Metric",110.536000,-89.822000,180.000000,top
"R20","1.8K","R_0402_1005Metric",121.476000,-76.156000,180.000000,top
"RB1","10K","R_0402_1005Metric",168.402000,-122.631200,-90.000000,top
"RB2","10K","R_0402_1005Metric",156.311600,-103.784400,180.000000,top
"RBOT1","10K","R_0402_1005Metric",165.950000,-86.000000,45.000000,top
"RBOT2","10K","R_0402_1005Metric",190.347600,-125.984000,180.000000,top
"RBat1","22K","R_0402_1005Metric",126.998000,-89.408000,180.000000,top
"RBat2","18K","R_0402_1005Metric",127.000000,-90.551000,0.000000,top
"RD1","47K","R_0402_1005Metric",179.882800,-81.737200,90.000000,top
"RM1","4.7K","R_0402_1005Metric",143.205200,-99.212400,90.000000,top
"RPU1","4.7K","R_0402_1005Metric",151.003000,-103.505000,0.000000,top
"RPU2","4.7K","R_0402_1005Metric",157.327600,-105.714800,180.000000,top
"RRST1","10K","R_0402_1005Metric",190.296800,-117.754400,0.000000,top
"RU1","1.5K","R_0402_1005Metric",163.601400,-113.233200,90.000000,top
"RU2","22","R_0603_1608Metric",186.588400,-102.717600,180.000000,top
"RU3","22","R_0603_1608Metric",186.588400,-101.142800,180.000000,top
"SW1","RST","SW_PUSH_6mm_H5mm",188.148400,-120.242400,90.000000,top
"SW2","BootSwitch","Switch_Slide",171.348400,-125.722400,90.000000,top
"SW3","PowerSwitch","Switch_Slide",126.695200,-84.574400,90.000000,top
"SW4","BTN","SW_PUSH_6mm_H5mm",168.650000,-84.500000,45.000000,top
"SW5","BTN","SW_PUSH_6mm_H5mm",188.097600,-130.504000,90.000000,top
"U1","STM32F405RGT6","LQFP-64_10x10mm",165.100000,-102.870000,180.000000,top
"U2","AMS1117-5.0","SOT-223-3_TabPin2",122.936000,-112.649000,-90.000000,top
"U3","AMS1117-3.3","SOT-223-3_TabPin2",122.936000,-102.235000,90.000000,top
"U4","SRV05-4","SOT-23-6",184.912000,-105.257600,180.000000,top
"U5","MPU-6500","QFN40P300X300X95-25N",142.240000,-102.616000,180.000000,top
"U6","DRV8833PWPR","TSSOP-16-1EP_W4.40mm",186.340400,-82.214600,90.000000,top
"U7","TCRT5000","OPTO_TCRT5000",104.078054,-117.532059,-45.000000,top
"U8","TCRT5000","OPTO_TCRT5000",114.260900,-135.504900,0.000000,top
"U9","TCRT5000","OPTO_TCRT5000",113.861941,-77.851000,-135.000000,top
"U10","TCRT5000","OPTO_TCRT5000",128.095500,-69.637500,180.000000,top
"Y1","8MHz","Crystal_SMD_5032-2Pin_5.0x3.2mm",164.592000,-92.456000,180.000000,top
